{
  "processor_class": "SpatialVLAProcessor",
  "auto_map": {
    "AutoProcessor": "processing.SpatialVLAProcessor"
  },
  "image_seq_length": 256,
  "language_model_name_or_path": "/cpfs01/qianfy_workspace/openvla_oft_rl/zzq_vla/model_zoo/llava3d_7B",
  "vision_model_name_or_path": "/cpfs01/qianfy_workspace/openvla_oft_rl/zzq_vla/model_zoo/siglip-so400m-patch14-224",
  "action_chunk_size": 4,
  "num_obs_steps": 1,
  "obs_delta": 1,
  "action_config": {
    "distribution": "gaussian",
    "num_bins": {
      "gripper": 2,
      "rotation": {"roll_bins": 16, "pitch_bins": 16, "yaw_bins": 16},
      "translation": {"theta_bins": 16, "phi_bins": 32, "r_bins": 8},
      "total": 8194
    },
    "use_spherical": true
  },
  "bin_policy": {
    "rotation": {
      "roll_bins": [-1.0, -0.7121298287894609, -0.5564581819056097, -0.440071773405789, -0.3426461358467384, -0.25595819395001274, -0.17566893098554964, -0.09904102149491184, -0.024059205927849478, 0.05100802578115137, 0.12790631705350436, 0.20869987492610076, 0.2962359118858219, 0.3951018734752948, 0.5141779624401348, 0.6762450862353777, 1.0],
      "pitch_bins": [-1.0, -0.6785015894338633, -0.516796358161167, -0.3978678314258641, -0.29907867426319246, -0.21158608510441518, -0.13081651669135252, -0.05392877158612959, 0.02113881590329744, 0.0961313749999302, 0.17278161860263358, 0.25310821063971767, 0.33985580585203445, 0.4373796767941653, 0.5539451994131283, 0.7100308525313351, 0.9999999999999999],
      "yaw_bins": [-1.0, -0.6910047644696934, -0.5313988287371314, -0.4133376866679583, -0.3150057290436059, -0.22777658299365705, -0.14715771012527992, -0.07034330907230311, 0.004712965738136004, 0.07975252682496348, 0.15651401950954372, 0.23703420508371892, 0.32409736463921823, 0.4221473708283458, 0.5396818128475004, 0.6980345545587262, 1.0]
    },
    "translation": {
      "theta_bins": [0.0, 0.7067187338585303, 0.9814199309359143, 1.1752042640550222, 1.3331175751173345, 1.4713205387280388, 1.5977846301055496, 1.7172771763957553, 1.8331248472067783, 1.9480194771467687, 2.0644993054216925, 2.1853608246107656, 2.314189357400805, 2.456314355008026, 2.621028843347318, 2.828352346005421, 3.141592653589793],
      "phi_bins": [-3.1415926535897927, -2.5597806593194092, -2.1899702111786126, -1.9071489188814448, -1.6724463283141142, -1.4683467869586326, -1.2853487663890668, -1.1176672338183495, -0.961484031585327, -0.8141204989748655, -0.6736024210639718, -0.5384120746595923, -0.40733740832383114, -0.279375002438531, -0.15366425283265983, -0.029440234757304742, 0.0940021938080639, 0.2173378027339352, 0.34123726674747146, 0.46639302836823826, 0.5935473848733163, 0.7235258808185444, 0.857280204661428, 0.9959469801163238, 1.1409329906705301, 1.2940454053271015, 1.4577019170652383, 1.6352913749303837, 1.8318407243899377, 2.0553733807372363, 2.320069275631962, 2.6552436426949604, 3.141592653589793],
      "r_bins": [2.220446049250313e-16, 0.19677118231539265, 0.3506298590504556, 0.4881976731379496, 0.621970275186659, 0.7620978861167458, 0.9228346010157172, 1.1393317208802278, 1.7320508075688767]
    }
  },
  "intrinsic_config": {
    "bridge_orig/1.0.0": {"width": 640, "height": 480, "intrinsic": [[623.588, 0, 319.501], [0, 623.588, 239.545], [0, 0, 1]]},
    "default": {"width": 640, "height": 480, "intrinsic": [[623.588, 0, 319.501], [0, 623.588, 239.545], [0, 0, 1]]}
  },
  "statistics": {
    "bridge_orig/1.0.0": {"action": {"mean": [2.3341714404523373e-4, 1.3004327774979174e-4, -1.2762591359205544e-4, -1.556579809403047e-4, -4.0393328526988626e-4, 2.3558337124995887e-4, 0.5764582753181458], "std": [0.009765734896063805, 0.013689505867660046, 0.012667152099311352, 0.028534479439258575, 0.03063790127635002, 0.07691770792007446, 0.4973658621311188], "max": [0.41691166162490845, 0.25864794850349426, 0.21218234300613403, 3.122201919555664, 1.8618112802505493, 6.280478477478027, 1.0], "min": [-0.4007510244846344, -0.13874775171279907, -0.22553899884223938, -3.2010786533355713, -1.8618112802505493, -6.279075622558594, 0.0], "q01": [-0.02872725307941437, -0.04170349963009357, -0.026093858778476715, -0.08092105075716972, -0.09288699507713317, -0.20718276381492615, 0.0], "q99": [0.028309678435325586, 0.040855254605412394, 0.040161586627364146, 0.08192047759890528, 0.07792850524187081, 0.20382574498653397, 1.0], "mask": [true, true, true, true, true, true, false]}},
    "default": {"action": {"q01": [-1.0, -1.0, -1.0, -1.0, -1.0, -1.0, 0.0], "q99": [1.0, 1.0, 1.0, 1.0, 1.0, 1.0, 1.0], "mask": [true, true, true, true, true, true, false]}}
  }
}
